Country,Currency_Code,USD_Exchange_Rate,WCBA,HMB_Prevalence,C_H,C_H_Comm,C_H_NonComm,C_NS,C_NS_Comm,C_NS_NonComm,C_S,C_S_Comm,C_S_NonComm,C_U,C_U_Comm,C_U_NonComm,MS0_H,MS0_NS,MS0_S,MS0_U,E_H,E_NS,E_S,E_U,A_H,A_NS,A_S,A_U,D_H,D_NS,D_S,D_U
Benin,LCU,606.65497,3355286,0.25,88791.148,14527.64,74263.516,235071.63,153274.58,81797.055,502168.31,419996.97,82171.336,52341.902,10316.528,42025.375,0,0.2015,0.054499999,0.74400002,0.64241999,0.10944493,0.76646978,0,0.11846995,0.40520257,0.10625625,0.45500001,0.050216112,0.21238168,0.041955318,0.28052232
Burkina Faso,LCU,606.56976,5585651,0.25,84409.195,13808.745,70600.453,223471.09,145709.94,77761.141,477392.31,399275.34,78116.961,49759.328,9807.5059,39951.82,0,0.2015,0.054499999,0.74400002,0.64224976,0.1096396,0.76595187,0,0.11848318,0.405114,0.1064919,0.45500001,0.050199009,0.21219954,0.04206752,0.28052232
Burundi,LCU,2574.0518,3219890,0.25,376953.97,110635.6,266318.38,728952.88,411937.66,317015.22,1084885.4,937105.63,147779.69,233311.39,26168.129,207143.27,0,0.2015,0.054499999,0.74400002,0.64210922,0.1091785,0.76642168,0,0.11856414,0.4053238,0.10627813,0.45500001,0.050227996,0.21242709,0.041865803,0.28052232
Cameroon,LCU,606.56976,6935817,0.25,83485.805,13674.084,69811.719,220987.94,144091.06,76896.867,472085.63,394836.91,77248.727,49206.277,9698.5,39507.777,0,0.2015,0.054499999,0.74400002,0.64199072,0.10961562,0.76620573,0,0.11857163,0.4051249,0.10637639,0.45500001,0.050283708,0.21225637,0.04200225,0.28052232
Chad,LCU,606.56976,4362604,0.25,99345.891,16244.084,83101.805,263039.72,171510.7,91529.016,561914.19,469966.38,91947.828,58569.383,11543.958,47025.426,0,0.2015,0.054499999,0.74400002,0.64254379,0.10940517,0.7666024,0,0.11842797,0.40522066,0.10619591,0.45500001,0.050171398,0.21238025,0.041909285,0.28052232
Cote d'Ivoire,LCU,606.56976,7534743,0.25,93719.328,15333.238,78386.094,248117.05,161779.63,86337.422,530043,443310.5,86732.484,55247.285,10889.177,44358.109,0,0.2015,0.054499999,0.74400002,0.64237636,0.10973089,0.76610297,0,0.118407,0.40507245,0.10642316,0.45500001,0.050189164,0.21214324,0.041988291,0.28052232
Ethiopia,LCU,54.600948,32128042,0.25,9947.7598,2920.5334,7027.2266,19234.209,10869.471,8364.7383,28626.852,24726.814,3900.0371,6156.2119,690.4787,5465.7334,0,0.2015,0.054499999,0.74400002,0.64179069,0.10932622,0.76640654,0,0.11868536,0.40525657,0.10628504,0.45500001,0.050317295,0.2124047,0.042014275,0.28052232
Ghana,LCU,11.020409,8617189,0.25,1112.6925,182.3316,930.36084,2945.1062,1920.3025,1024.8037,6291.498,5262.0049,1029.4929,655.77148,129.25182,526.51965,0,0.2015,0.054499999,0.74400002,0.64185178,0.10963477,0.76555628,0,0.11863453,0.4051162,0.10667191,0.45500001,0.050324418,0.21227379,0.042127576,0.28052232
Guinea-Bissau,LCU,606.56976,546438,0.25,85401.492,13978.718,71422.773,226083,147413.73,78669.273,482966.13,403936.91,79029.242,50340.438,9922.042,40418.395,0,0.2015,0.054499999,0.74400002,0.64222121,0.10937448,0.76642412,0,0.11853282,0.40523463,0.10627703,0.45500001,0.05024704,0.21239163,0.041942611,0.28052232
Kenya,LCU,139.84639,14493523,0.25,24356.83,7150.853,17205.979,47092.898,26614.014,20478.885,70095.414,60545.012,9550.4023,15073.795,1690.6719,13383.123,0,0.2015,0.054499999,0.74400002,0.6420368,0.1098637,0.76544148,0,0.11853965,0.40501204,0.10672412,0.45500001,0.050282791,0.21217485,0.042099629,0.28052232
Liberia,LCU,174.95598,1347909,0.25,190.45056,31.149044,159.30151,504.23602,328.77783,175.45819,1077.177,900.91595,176.26105,112.27563,22.129396,90.146233,0,0.2015,0.054499999,0.74400002,0.64247292,0.10970785,0.76567125,0,0.1184485,0.40508294,0.10661959,0.45500001,0.050189141,0.21227114,0.042134084,0.28052232
Madagascar,LCU,4429.5791,7691370,0.25,693095.63,203456.97,489638.66,1340269.3,757390.88,582878.44,1994729,1722970.6,271758.34,428966.28,48112.719,380853.56,0,0.2015,0.054499999,0.74400002,0.64221233,0.10935008,0.76616597,0,0.11857153,0.40524572,0.10639448,0.45500001,0.050272599,0.21247146,0.042023145,0.28052232
Malawi,LCU,1161.0944,5473553,0.25,185843,54554.887,131288.13,359357.63,203076.84,156280.78,534833.75,461975.5,72858.273,115017.89,12900.369,102117.52,0,0.2015,0.054499999,0.74400002,0.64206332,0.10925125,0.76635557,0,0.11857934,0.40529069,0.10630821,0.45500001,0.050271045,0.21241032,0.041933153,0.28052232
Mali,LCU,606.56976,5347926,0.25,87477.125,14326.056,73151.07,231559.89,150984.75,80575.133,494667.5,413723.69,80943.828,51559.996,10162.417,41397.582,0,0.2015,0.054499999,0.74400002,0.64214677,0.10934027,0.76577872,0,0.11854465,0.40525019,0.10657068,0.45500001,0.050280191,0.21236899,0.042022411,0.28052232
Mauritania,LCU,36.489166,1215269,0.25,4831.0884,790.4856,4040.6025,12789.9,8339.4385,4450.4619,27322.174,22851.348,4470.8262,2847.8489,561.30774,2286.541,0,0.2015,0.054499999,0.74400002,0.64219326,0.10946301,0.76737797,0,0.118536,0.40519434,0.10584303,0.45500001,0.050224993,0.21235792,0.041802358,0.28052232
Mozambique,LCU,63.885834,8108244,0.25,13451.149,3949.2642,9501.8848,26007.316,14697.295,11310.022,38708.41,33434.887,5273.5229,8324.252,933.64539,7390.6069,0,0.2015,0.054499999,0.74400002,0.64186215,0.10958375,0.76579481,0,0.11862871,0.40513942,0.10656337,0.45500001,0.050313663,0.21231888,0.04201515,0.28052232
Niger,LCU,606.56976,5689197,0.25,89631.398,14677.336,74954.063,237263.5,154703.02,82560.477,506853.81,423915.56,82938.25,52830.418,10412.815,42417.605,0,0.2015,0.054499999,0.74400002,0.64211255,0.10969454,0.76719075,0,0.11850858,0.40508899,0.10592822,0.45500001,0.050258312,0.21220052,0.04184027,0.28052232
Nigeria,LCU,645.19409,54276252,0.25,64032.625,10484.897,53547.73,169499.66,110518.12,58981.535,362100.06,302848.66,59251.418,37742.262,7438.9561,30303.305,0,0.2015,0.054499999,0.74400002,0.64208221,0.11037683,0.7662735,0,0.11847412,0.40477854,0.10634556,0.45500001,0.050241757,0.21191941,0.042044073,0.28052232
Rwanda,LCU,1160.0988,3637188,0.25,187093.05,54918.656,132174.39,361798.81,204454.92,157343.89,538456.75,465108.59,73348.133,115798.12,12987.879,102810.24,0,0.2015,0.054499999,0.74400002,0.64236367,0.1091645,0.76671058,0,0.11848707,0.40533015,0.10614668,0.45500001,0.050244767,0.21244451,0.041882794,0.28052232
Senegal,LCU,606.56976,4513795,0.25,93756.703,15322.417,78434.289,248258.91,161873.23,86385.672,530339.81,443558.88,86780.953,55278.16,10895.262,44382.898,0,0.2015,0.054499999,0.74400002,0.64255625,0.10944229,0.7662977,0,0.11845806,0.40520376,0.10633455,0.45500001,0.050150909,0.21240699,0.042039618,0.28052232
Sierra Leone,LCU,21.304874,2133485,0.25,1663.1128,271.88635,1391.2264,4403.5703,2871.2725,1532.2976,9407.0518,7867.7427,1539.309,980.51666,193.2587,787.25793,0,0.2015,0.054499999,0.74400002,0.64262128,0.10960454,0.76717067,0,0.11840023,0.40512994,0.10593735,0.45500001,0.050155964,0.21234567,0.041828185,0.28052232
Tanzania,LCU,2383.0425,16123372,0.25,421687.78,123753.85,297933.94,815518.94,460867.53,354651.44,1213815.9,1048431.4,165384.44,261026.11,29276.602,231749.52,0,0.2015,0.054499999,0.74400002,0.64270383,0.10953387,0.76579249,0,0.11836961,0.4051621,0.10656441,0.45500001,0.050174382,0.21231697,0.0421222,0.28052232
Togo,LCU,606.56976,2055408,0.25,87471.172,14312.806,73158.367,231573.11,150993.52,80579.594,494694.44,413746.16,80948.305,51562.852,10162.979,41399.875,0,0.2015,0.054499999,0.74400002,0.64226693,0.10934187,0.7659995,0,0.11852142,0.40524945,0.10647023,0.45500001,0.050226975,0.21240473,0.041985389,0.28052232
Uganda,LCU,3726.1404,11900129,0.25,679078.44,199346.02,479732.41,1313072.5,742046.75,571025.75,1954368.8,1688088.1,266280.63,420280.59,47138.535,373142.06,0,0.2015,0.054499999,0.74400002,0.64206821,0.10943194,0.76602453,0,0.11856762,0.40520847,0.10645883,0.45500001,0.050267529,0.212311,0.042101927,0.28052232
Zambia,LCU,20.212017,5217546,0.25,3676.9597,1078.9353,2598.0244,7111.4888,4018.7917,3092.6968,10584.272,9142.3027,1441.9695,2276.1506,255.29231,2020.8583,0,0.2015,0.054499999,0.74400002,0.64269578,0.10938243,0.76612127,0,0.11838832,0.405231,0.10641483,0.45500001,0.05014893,0.21239455,0.042014096,0.28052232
Zimbabwe,LCU,3509.1721,4309145,0.25,49.071068,14.402686,34.668381,94.902588,53.627968,41.27462,141.23651,121.99546,19.241053,30.373125,3.4066396,26.966484,0,0.2015,0.054499999,0.74400002,0.64247096,0.10913637,0.76614094,0,0.11853469,0.40534297,0.10640587,0.45500001,0.050243743,0.21263328,0.041983556,0.28052232
